title,author,publication_date,category
Mrs,Primula eximia Greene,06/10/24,Sports
Mrs,Crotalaria alata Buch.-Ham. ex D. Don,10/09/24,Food
Mrs,Quercus ×sargentii Rehder,01/05/25,Sports
Dr,Scheuchzeria L.,10/07/25,Food
Mr,Brickellia cylindracea A. Gray & Engelm.,20/12/24,Health
Ms,Clermontia oblongifolia Gaudich. ssp. oblongifolia,26/08/25,Entertainment
Dr,Trifolium cheranganiense J.B. Gillett,02/11/24,Home Decor
Mrs,Fadyenia Hook.,18/03/25,Business
Honorable,Vaupesia R.E. Schult.,23/07/25,Home Decor
Mrs,Zebrina Schnizl.,27/04/25,Home Decor
Mrs,Delissea fallax Hillebr.,01/06/25,Health
Ms,Hordeum marinum Huds. ssp. marinum,29/11/24,Fashion
Honorable,Croton michauxii G.L. Webster,01/09/25,Food
Dr,Pediomelum megalanthum (Wooton & Standl.) Rydb. var. retrorsum (Rydb.) J. Grimes,29/05/25,Sports
Honorable,Tilia japonica (Miq.) Simonk.,02/06/25,Travel
Mrs,Phlox speciosa Pursh ssp. woodhousei (Torr. ex A. Gray) Wherry,12/01/25,Technology
Honorable,Smelowskia borealis (Greene) Drury & Rollins var. villosa Drury & Rollins,15/05/25,Travel
Ms,Calyptranthes portoricensis Britton,12/05/25,Health
Honorable,Solanum lanceifolium Jacq.,18/07/25,Fashion
Rev,Polygala hecatantha Urb.,15/10/24,Food
Honorable,Digitaria horizontalis Willd.,05/05/25,Fashion
Dr,Eriochloa acuminata (J. Presl) Kunth var. minor (Vasey) R.B. Shaw,25/01/25,Food
Honorable,Solidago altissima L.,05/04/25,Health
Ms,Leciophysma furfurascens (Nyl.) Gyel.,30/08/25,Entertainment
Mr,Liatris aspera Michx.,17/04/25,Business
Mr,Horkelia cuneata Lindl. ssp. sericea (A. Gray) D.D. Keck,28/06/25,Food
Ms,Microstegium Nees,15/07/25,Home Decor
Rev,Woodsia scopulina D.C. Eaton ssp. scopulina,24/08/25,Entertainment
Honorable,Silene nutans L.,14/09/24,Entertainment
Ms,Hoffmannseggia repens (Eastw.) Cockerell,14/05/25,Fashion
Rev,Cynoglossum microglochin Benth.,13/03/25,Food
Mr,Castela erecta Turp. ssp. erecta,17/12/24,Fashion
Ms,Ipomopsis minutiflora (Benth.) V.E. Grant,18/08/25,Fashion
Mrs,Atriplex ×neomexicana Standl. (pro sp.),06/11/24,Food
Dr,Quercus minima (Sarg.) Small,06/02/25,Technology
Mrs,Arctostaphylos glutinosa Schreib.,26/11/24,Entertainment
Dr,Toninia aromatica (Sm.) A. Massal.,22/10/24,Home Decor
Dr,Cutandia Willk.,09/07/25,Business
Ms,Ctenium Panzer,02/06/25,Sports
Dr,Ericameria laricifolia (A. Gray) Shinners,03/01/25,Business
Honorable,Scleropodium californica (Lesq.) Kindb.,09/01/25,Sports
Dr,Paederia foetida L.,19/11/24,Home Decor
Ms,Umbilicaria virginis Schaerer,02/04/25,Home Decor
Mrs,Pennisetum clandestinum Hochst. ex Chiov.,02/07/25,Health
Honorable,Mirabilis rotundifolia (Greene) Standl.,02/09/25,Entertainment
Mr,Eritrichium nanum (Vill.) Schrad. ex Gaudin var. elongatum (Rydb.) Cronquist,19/01/25,Sports
Mrs,Carex houghtoniana Torr. ex Dewey,12/12/24,Sports
Mr,Sanicula peckiana J.F. Macbr.,29/11/24,Food
Mrs,"Piptatheropsis micrantha (Trin. & Rupr.) Romasch., P.M. Peterson & R.J. Soreng",21/12/24,Travel
Mr,Carex perdentata S.D. Jones,28/11/24,Food
Rev,Larrea Cav.,16/02/25,Technology
Honorable,Phlox speciosa Pursh,09/05/25,Travel
Ms,Scrophularia lanceolata Pursh,21/11/24,Entertainment
Dr,Tradescantia pinetorum Greene,13/03/25,Entertainment
Honorable,Equisetum giganteum L.,10/02/25,Business
Mrs,Orthotrichum consimile Mitt.,25/05/25,Business
Honorable,Hulteniella integrifolia (Richardson) Tzvelev,23/08/25,Travel
Mrs,Triphora gentianoides (Sw.) Ames & Schltr.,13/10/24,Sports
Honorable,Cryptantha corollata (I.M. Johnst.) I.M. Johnst.,22/05/25,Fashion
Dr,Murraya J. Koenig ex L.,04/07/25,Health
Mrs,Yucca guatemalensis Baker,07/09/24,Home Decor
Ms,Mimulus leptaleus A. Gray,01/03/25,Sports
Rev,Pellaea ternifolia (Cav.) Link ssp. villosa Windham,04/01/25,Food
Dr,Leymus arenarius (L.) Hochst.,17/07/25,Business
Dr,Polygonatum biflorum (Walter) Elliott,14/10/24,Home Decor
Dr,Sphaerophorus globosus (Huds.) Vain. var. gracilis (Müll. Arg.) Zahlbr.,24/10/24,Sports
Mrs,Dianthus carthusianorum L.,08/06/25,Home Decor
Dr,Heliopsis helianthoides (L.) Sweet var. gracilis (Nutt.) Gandhi & R.D. Thomas,19/05/25,Fashion
Rev,Achnatherum lemmonii (Vasey) Barkworth var. lemmonii,18/11/24,Sports
Mr,Euclasta Franch.,27/01/25,Travel
Mrs,Myrosma cannifolia L. f.,18/03/25,Travel
Ms,Dalbergia candenatensis (Dennst.) Prain,01/04/25,Sports
Rev,Eucalyptus rossii R.T. Baker & H.G. Sm.,05/11/24,Fashion
Ms,Parietaria floridana Nutt.,04/04/25,Travel
Dr,Lycopodium venustulum Gaudich. var. verticale W.H. Wagner,23/05/25,Food
Mr,Fritillaria eastwoodiae Macfarlane,08/05/25,Business
Rev,Elymus svensonii Church,09/03/25,Sports
Mrs,Hodgsonia Hook. f. & Thomson,17/07/25,Home Decor
Rev,Penstemon moffatii Eastw. ssp. moffatii,19/08/25,Sports
Mrs,Lasthenia microglossa (DC.) Greene,10/03/25,Fashion
Rev,Calamagrostis canadensis (Michx.) P. Beauv. var. macouniana (Vasey) Stebbins,11/11/24,Travel
Mr,Calochortus longebarbatus S. Watson,21/01/25,Business
Mr,Polygala hecatantha Urb.,21/07/25,Sports
Mrs,Banksia spinulosa Sm.,02/12/24,Fashion
Dr,Vaccinium ×dobbinii Burnham (pro sp.),11/08/25,Business
Mr,Silene seelyi Morton & J.W. Thomp.,16/12/24,Entertainment
Dr,Symphyotrichum puniceum (L.) Á. Löve & D. Löve var. puniceum,02/01/25,Technology
Rev,Isoetes ×brittonii Brunton & W.C. Taylor,18/12/24,Health
Ms,Metrosideros polymorpha Gaudich. var. macrophylla (Rock) H. St. John,30/05/25,Health
Mr,Picea glehnii (F. Schmidt) Mast.,17/09/24,Health
Honorable,Hypotrachyna subsaxatilis (de Lesd.) Hale,08/06/25,Sports
Ms,Cabomba palaeformis Fassett,08/06/25,Entertainment
Honorable,Cordia curassavica (Jacq.) Roem. & Schult.,05/05/25,Food
Rev,Lecidea lyngei Degel.,20/05/25,Fashion
Mrs,Callistemon R. Br.,06/10/24,Sports
Rev,Pleurothallis racemiflora Lindl. ex Hook.,16/06/25,Fashion
Rev,Cotoneaster apiculatus Rehder & E.H. Wilson,28/09/24,Health
Mrs,Gentiana setigera A. Gray,28/09/24,Technology
Ms,Cymophora B.L. Rob.,07/06/25,Sports
Dr,Sabatia calycina (Lam.) A. Heller,11/01/25,Fashion
Rev,Silphium brachiatum Gattinger,20/05/25,Health
Rev,Silphium terebinthinaceum Jacq.,12/05/25,Fashion
Mr,Clausena dentata (Willd.) M. Roem.,18/11/24,Business
Mr,Solanum mauritianum Scop.,25/11/24,Travel
Mrs,Biatorella rappii Zahlbr.,13/05/25,Health
Honorable,Digitaria floridana Hitchc.,28/08/25,Business
Mr,Ophioglossum azoricum C. Presl,05/06/25,Health
Ms,Castilleja angustifolia (Nutt.) G. Don var. flavescens (Pennell ex Edwin) N.H. Holmgren,01/11/24,Technology
Ms,Oenothera mexicana Spach,12/01/25,Travel
Rev,Rhododendron arborescens (Pursh) Torr.,09/03/25,Home Decor
Rev,Astragalus spatulatus Sheldon,21/09/24,Sports
Rev,Quercus buckleyi Nixon & Dorr,30/06/25,Home Decor
Ms,Silene vulgaris (Moench) Garcke,29/06/25,Travel
Honorable,Phlox colubrina Wherry & Constance,19/06/25,Food
Mrs,Solidago puberula Nutt.,28/01/25,Travel
Mrs,Lupinus parviflorus Nutt. ex Hook. & Arn. ssp. parviflorus,27/05/25,Fashion
Ms,Salix sphenophylla Skvort.,16/03/25,Technology
Honorable,Lotus unifoliolatus (Hook.) Benth. var. unifoliolatus,03/06/25,Entertainment
Honorable,Salvia brandegeei Munz,21/06/25,Fashion
Mr,Labordia Gaudich.,23/07/25,Business
Mrs,Nama demissum A. Gray var. demissum,03/08/25,Travel
Mrs,Aeschynomene L.,08/10/24,Food
Dr,Nicolletia edwardsii A. Gray,22/04/25,Entertainment
Ms,Viola ×melissifolia Greene,20/10/24,Technology
Mrs,Carex tonsa (Fernald) E.P. Bicknell var. tonsa,02/08/25,Home Decor
Mrs,Centaurium sebaeoides (Griseb.) Druce,07/02/25,Fashion
Mr,Lupinus crassus Payson,31/12/24,Technology
Mr,Nemophila menziesii Hook. & Arn. var. integrifolia Parish,24/06/25,Food
Mr,Senna italica Mill.,30/11/24,Home Decor
Ms,Pediomelum canescens (Michx.) Rydb.,10/10/24,Travel
Ms,Proboscidea parviflora (Wooton) Wooton & Standl. ssp. parviflora var. hohokamiana Bretting,15/10/24,Food
Mr,Celtis laevigata Willd.,08/12/24,Health
Dr,Johanneshowellia puberula (S. Watson) Reveal,14/02/25,Sports
Dr,Penstemon arkansanus Pennell,18/12/24,Technology
Dr,Allium canadense L. var. ecristatum (M.E. Jones) Ownbey,05/06/25,Technology
Mrs,Lobelia boykinii Torr. & A. Gray ex A. DC.,29/06/25,Entertainment
Dr,Arctostaphylos canescens Eastw. ssp. sonomensis (Eastw.) P.V. Wells,29/11/24,Travel
Dr,Dichanthium sericeum (R. Br.) A. Camus,05/10/24,Health
Dr,Phacelia glandulosa Nutt. var. glandulosa,19/01/25,Fashion
Mrs,Lecidella patavina (A. Massal.) Knoph & Leuckert,09/11/24,Business
Mrs,Carex crinita Lam. var. porteri (Olney) Fernald,31/10/24,Health
Ms,Arthonia sexlocularis Zahlbr.,14/03/25,Travel
Dr,Rubus inferior L.H. Bailey,04/02/25,Fashion
Honorable,Senecio pseudoarnica Less.,17/05/25,Home Decor
Mr,Mimulus tilingii Regel var. caespitosus (Greene) A.L. Grant,07/06/25,Fashion
Dr,Agastache occidentalis (Piper) A. Heller,30/01/25,Health
Honorable,Evolvulus convolvuloides (Willd. ex Schult.) Stearn,05/05/25,Sports
Mr,Conyza canadensis (L.) Cronquist var. canadensis,06/11/24,Entertainment
Honorable,Crataegus ×ninae-celottiae K.I. Chr. & T.A. Dickinson,06/01/25,Health
Mr,Senna multiglandulosa (Jacq.) Irwin & Barneby,14/12/24,Health
Ms,Lepraria neglecta (Nyl.) Erichsen,30/04/25,Home Decor
Rev,Dracocephalum parviflorum Nutt.,09/08/25,Sports
Ms,Carex panicea L.,23/10/24,Food
Dr,Abies alba Mill.,28/07/25,Home Decor
Dr,Trichosanthes anguina L.,30/09/24,Sports
Ms,Callitriche trochlearis Fassett,26/03/25,Food
Ms,Porpidia flavocaerulescens (Hornem.) Hertel & A.J. Schwab,14/11/24,Health
Honorable,Chenopodium atrovirens Rydb.,02/08/25,Technology
Dr,Schoenoplectiella Lye,14/10/24,Technology
Honorable,Eragrostis palmeri S. Watson,20/11/24,Technology
Mrs,Schoenoplectus torreyi (Olney) Palla,17/08/25,Home Decor
Dr,Scrophularia laevis Wooton & Standl.,30/10/24,Business
Dr,Chrysactinia A. Gray,27/07/25,Entertainment
Mr,Pohlia elongata Hedw. var. greenii (Brid.) Shaw,06/05/25,Travel
Honorable,Chimaphila maculata (L.) Pursh,24/06/25,Business
Mr,Callitriche stagnalis Scop.,29/08/25,Fashion
Honorable,Dichanthelium dichotomum (L.) Gould var. glabrifolium (Nash) Gould & C.A. Clark,30/11/24,Fashion
Dr,Leptogium digitatum (A. Massal.) Zahlbr.,20/12/24,Sports
Rev,Malacothrix foliosa A. Gray,21/06/25,Entertainment
Honorable,Orogenia fusiformis S. Watson,21/08/25,Entertainment
Mr,Crossidium squamiferum (Viv.) Jur. var. pottioideum (De Not.) Mönk.,19/01/25,Home Decor
Honorable,Psidium amplexicaule Pers.,02/05/25,Fashion
Mrs,Senecio ampullaceus Hook.,11/08/25,Food
Mr,Xanthosoma caracu K. Koch & Bouché,26/10/24,Sports
Honorable,Lesquerella perforata Rollins,24/01/25,Food
Mrs,Staphylea trifolia L.,02/01/25,Entertainment
Rev,Guizotia Cass.,07/09/24,Home Decor
Dr,Landolphia P. Beauv.,21/03/25,Sports
Mrs,Rosa ×harisonii Rivers,23/11/24,Business
Mr,Cladonia crispata (Ach.) Flotow,20/06/25,Technology
Ms,Delphinium zalil Aitch. & Hemsl.,19/04/25,Technology
Mrs,Viola orbiculata Geyer ex Holz.,30/07/25,Home Decor
Mrs,Dracaena L.,25/10/24,Travel
Honorable,Helianthus porteri (A. Gray) Pruski,13/07/25,Sports
Honorable,Cypripedium parviflorum Salisb. var. makasin (Farw.) Sheviak,02/10/24,Business
Honorable,Passiflora ciliata Aiton var. riparia C. Wright,18/12/24,Technology
Ms,Gomphillus Nyl.,22/03/25,Home Decor
Mr,Cheiroglossa palmata (L.) C. Presl,09/06/25,Food
Mrs,Rhexia aristosa Britton,10/11/24,Entertainment
Honorable,Cestrum alternifolium (Jacq.) O.E. Schulz,05/12/24,Entertainment
Dr,Lupinus nanus Douglas ex Benth. ssp. menkerae (C.P. Sm.) D. Dunn,04/03/25,Food
Honorable,Sagittaria platyphylla (Engelm.) J.G. Sm.,11/09/24,Technology
Mrs,Atriplex tularensis Coville,21/10/24,Home Decor
Ms,Crataegus ×cogswellii K.I. Chr. & T.A. Dickinson,30/06/25,Business
Dr,Solidago ulmifolia Muhl. ex Willd. var. microphylla A. Gray,15/09/24,Health
Honorable,Hordeum murinum L. ssp. murinum,11/03/25,Sports
Rev,Pireella pohlii (Schwägr.) Cardot,04/10/24,Fashion
Mrs,Lilium martagon L.,27/11/24,Technology
Mr,Prunus virginiana L. var. demissa (Nutt.) Torr.,15/01/25,Home Decor
Mr,Lychnis L.,16/11/24,Entertainment
Dr,Botrychium campestre W.H. Wagner & Farrar,16/04/25,Fashion
Mrs,Rubus suus L.H. Bailey,25/12/24,Fashion
Dr,Fraxinus velutina Torr.,17/08/25,Entertainment
Honorable,Carphochaete bigelovii A. Gray,28/01/25,Health
Mr,Clematis occidentalis (Hornem.) DC. var. occidentalis,05/05/25,Business
Rev,Polystichum lonchitis (L.) Roth,07/02/25,Business
Rev,Tilia tomentosa Moench,29/07/25,Health
Rev,Akebia ×pentaphylla (Makino) Makino,03/08/25,Business
Ms,Ceanothus ×flexilis Greene ex McMinn,02/11/24,Food
Dr,Lycopus uniflorus Michx. var. uniflorus,10/10/24,Food
Mrs,Fulgensia fulgens (Sw.) Elenkin,30/05/25,Entertainment
Honorable,Sphagnum wheeleri Müll. Hal.,08/06/25,Entertainment
Ms,Echites P. Br.,25/09/24,Home Decor
Dr,Perovskia Kar.,11/01/25,Travel
Ms,Bacopa caroliniana (Walter) B.L. Rob.,01/01/25,Food
Rev,Swertia L.,14/09/24,Entertainment
Mr,Lilaeopsis schaffneriana (Schltdl.) J.M. Coult. & Rose var. recurva (A.W. Hill) Affolter,23/06/25,Home Decor
Rev,Verrucaria caerulea DC.,11/10/24,Home Decor
Rev,Mimulus glaucescens Greene,02/07/25,Travel
Mrs,Festuca minutiflora Rydb.,25/10/24,Home Decor
Mrs,Rumex arcticus Trautv. var. arcticus,08/04/25,Entertainment
Mrs,Heliotropium amplexicaule Vahl,26/02/25,Health
Mrs,Lysimachia forbesii Rock,26/11/24,Health
Mr,Sclerocarpus uniserialis (Benth.) Hemsl. var. austrotexanus B.L. Turner,22/10/24,Sports
Mrs,Lycoris radiata (L'Hér.) Herb.,23/12/24,Fashion
Ms,Rhabdadenia Müll. Arg.,24/02/25,Business
Dr,Cylindropuntia ganderi (C.B. Wolf) J. Rebman,19/02/25,Fashion
Mrs,Chloris ventricosa R. Br.,17/06/25,Food
Mrs,Cryptantha crinita Greene,08/09/24,Sports
Dr,Cerastium beeringianum Cham. & Schltdl. ssp. earlei (Rydb.) Hultén,10/07/25,Fashion
Mrs,Pouzolzia occidentalis (Liebm.) Weddell,25/11/24,Sports
Rev,Stereocaulon arenarium (Savicz) Lamb,19/08/25,Business
Rev,Suaeda mexicana (Standl.) Standl.,22/05/25,Home Decor
Rev,Echinocereus ×roetteri (Engelm.) Rümpler,12/09/24,Fashion
Ms,Viola brittoniana Pollard var. brittoniana,10/10/24,Health
Mr,Bothriochloa laguroides (DC.) Herter ssp. torreyana (Steud.) Allred & Gould,17/10/24,Technology
Ms,Salvia penstemonoides Kunth & Bouché,30/05/25,Fashion
Ms,Quercus ×moultonensis Ashe (pro sp.),07/01/25,Fashion
Mrs,Clarkia mildrediae (A. Heller) F.H. Lewis & M.E. Lewis ssp. mildrediae,23/10/24,Food
Honorable,Nymphaea ampla (Salisb.) DC. var. pulchella (DC.) Caspary,26/09/24,Health
Mr,Cephalanthera Rich.,31/07/25,Home Decor
Mrs,Grindelia arizonica A. Gray var. neomexicana (Wooton & Standl.) G.L. Nesom,05/06/25,Food
Dr,Erigeron oreganus A. Gray,18/01/25,Business
Rev,Ipomoea carnea Jacq. ssp. fistulosa (Mart. ex Choisy) D. Austin,28/01/25,Home Decor
Mrs,Uncinia brevicaulis Thouars,22/04/25,Home Decor
Dr,Arenaria aberrans M.E. Jones,11/08/25,Travel
Honorable,Carex platylepis Mack.,01/07/25,Technology
Dr,Porophyllum pygmaeum Keil & J. Morefield,29/05/25,Health
Dr,Rubus aliceae L.H. Bailey,14/08/25,Travel
Mr,Abutilon malacum S. Watson,17/12/24,Fashion
Honorable,Limonia L.,05/06/25,Food
Mr,Pelargonium inodorum Willd.,17/06/25,Fashion
Honorable,Bidens micrantha Gaudich. ssp. ctenophylla (Sherff) Nagata & Ganders,19/05/25,Home Decor
Dr,Crataegus greggiana Eggl.,13/02/25,Home Decor
Honorable,Galium californicum Hook. & Arn. ssp. primum Dempster & Stebbins,29/10/24,Health
Rev,Carex gravida L.H. Bailey var. gravida,06/05/25,Business
Mr,Vaccinium simulatum Small,06/05/25,Fashion
Dr,Camissonia guadalupensis (S. Watson) P.H. Raven,19/03/25,Home Decor
Mr,Gilia capitata Sims ssp. pacifica V.E. Grant,21/04/25,Business
Ms,Verbena ×perriana Moldenke,17/06/25,Health
Rev,Crataegus cuneata Siebold & Zucc.,26/09/24,Health
Honorable,Cistanthe parryi (A. Gray) Hershkovitz var. parryi,16/03/25,Entertainment
Rev,Douglasia nivalis Lindl.,09/04/25,Food
Rev,Silphium compositum Michx. var. reniforme (Raf. ex Nutt.) Torr. & A. Gray,09/01/25,Fashion
Mr,Diphylleia cymosa Michx.,05/05/25,Food
Ms,Dichondra brachypoda Wooton & Standl.,12/01/25,Health
Mr,Orthotrichum pumilum Sw.,08/11/24,Food
Mrs,Lecania subdispersa (Nyl.) Hasse,18/10/24,Sports
Mrs,Orthosiphon Benth.,02/06/25,Food
Mr,Ulmus rubra Muhl.,08/05/25,Food
Ms,Arnica angustifolia Vahl ssp. angustifolia,09/04/25,Business
Rev,Juncus ×gracilescens F.J. Herm. ex Wadmond,17/01/25,Health
Mrs,Coprosma J.R. Forst. & G. Forst.,21/03/25,Health
Honorable,Cephalophysis (Hertel) Kilias,09/02/25,Technology
Dr,Melochia corchorifolia L.,28/11/24,Fashion
Dr,Physocarpus (Camb.) Raf.,03/10/24,Food
Rev,Eriophyllum confertiflorum (DC.) A. Gray var. tanacetiflorum (Greene) Jeps.,14/06/25,Food
Mrs,Chaenothecopsis Vain.,18/06/25,Business
Mrs,Rosa xanthina Lindl.,01/12/24,Fashion
Honorable,Polygala ovatifolia A. Gray,23/08/25,Fashion
Honorable,Broughtonia domingensis (Lindl.) Rolfe,29/04/25,Home Decor
Honorable,Heterotheca grandiflora Nutt.,07/02/25,Travel
Mrs,Pleuricospora A. Gray,16/09/24,Health
Ms,Justicia pacifica (Oerst.) Hemsl.,17/12/24,Business
Rev,Ulota japonica (Sull. & Lesq.) Mitt.,21/02/25,Technology
Rev,Rhynchosia americana (Houst. ex Mill.) M.C. Metz,25/12/24,Fashion
Ms,Utricularia racemosa Wall.,16/12/24,Sports
Honorable,Monstera deliciosa Liebm.,11/08/25,Travel
Mrs,Psychotria hawaiiensis (A. Gray) Fosberg var. scoriacea (Rock) Fosberg,26/07/25,Entertainment
Dr,Euonymus alatus (Thunb.) Siebold var. alatus,19/04/25,Food
Mr,Saxifraga bronchialis L. ssp. austromontana (Wiegand) Piper,10/11/24,Food
Mrs,Hippocrepis L.,13/10/24,Business
Mr,Paronychia echinulata Chater,22/06/25,Food
Dr,Croton capitatus Michx.,12/01/25,Technology
Ms,Helianthus debilis Nutt. ssp. vestitus (E.E. Watson) Heiser,13/12/24,Health
Rev,Stachys annua (L.) L.,02/06/25,Technology
Honorable,Linum hudsonioides Planch.,15/07/25,Travel
Mrs,Papaver macounii Greene ssp. discolor (Hultén) Rändel ex D.F. Murray,04/11/24,Technology
Rev,Phacelia hubbyi (J.F. Macbr.) L.M. Garrison,08/05/25,Health
Ms,Bouteloua eriopoda (Torr.) Torr.,30/11/24,Business
Rev,Grimmia torquata Hornsch.,20/06/25,Technology
Mr,Phlyctis speirea G. Merr.,01/09/25,Food
Honorable,Carex sparganioides Muhl. ex Willd.,27/08/25,Home Decor
Ms,Halimolobos Tausch,18/11/24,Food
Mrs,Galeopsis angustifolia Ehrh. ex Hoffm.,06/07/25,Fashion
Mrs,Penstemon acuminatus Douglas ex Lindl. var. latebracteatus N.H. Holmgren,01/11/24,Technology
Mr,Rinodina constrictula H. Magn.,17/02/25,Technology
Dr,Astragalus episcopus S. Watson var. episcopus,28/09/24,Food
Mrs,Orthocarpus barbatus Cotton,12/03/25,Fashion
Mrs,Polygonum bellardii All.,30/01/25,Business
Mrs,Allium pleianthum S. Watson,09/12/24,Fashion
Mrs,Gilia leptantha Parish ssp. pinetorum A.D. Grant & V.E. Grant,02/08/25,Technology
Ms,Sarracenia rubra (Case & R.B. Case) S. McPherson & D.E. Schnell ssp. alabamensis ,09/12/24,Fashion
Mr,Mentzelia albescens (Gillies & Arn.) Griseb.,17/05/25,Health
Rev,Carmona retusa (Vahl) Masamune,15/08/25,Fashion
Honorable,Cirsium edule Nutt.,03/03/25,Health
Mrs,Pertusaria disticha Erichsen,19/03/25,Business
Honorable,Corchorus siliquosus L.,16/09/24,Fashion
Dr,Portulaca quadrifida L.,17/08/25,Business
Mrs,Caloplaca chrysophthalma Degel.,08/08/25,Sports
Rev,Chasmanthium Link,06/07/25,Technology
Mrs,"Labordia hosakana (Sherff) W.L. Wagner, D.R. Herbst & Sohmer",29/09/24,Travel
Mrs,Fontinalis langloisii Cardot,11/08/25,Entertainment
Dr,Dichanthelium oligosanthes (Schult.) Gould,24/01/25,Sports
Rev,Plagiobothrys stipitatus (Greene) I.M. Johnst.,11/08/25,Business
Mrs,Polystichum microchlamys (Christ) Matsum.,26/02/25,Technology
Mr,Aliciella latifolia (S. Watson) J.M. Porter ssp. latifolia,27/05/25,Fashion
Mr,Eutrochium maculatum (L.) E.E. Lamont var. maculatum ,15/02/25,Sports
Rev,Campsis Lour.,05/08/25,Home Decor
Rev,Didymodon rigidulus Hedw.,11/07/25,Home Decor
Rev,Pandanus aimiriikensis Martelli,23/01/25,Home Decor
Honorable,Lindera Thunb.,19/10/24,Business
Mrs,Packera millelobata (Rydb.) W.A. Weber & Á. Löve,10/08/25,Sports
Ms,Flavopunctelia flaventior (Stirt.) Hale,27/03/25,Home Decor
Ms,Amorpha herbacea Walter,19/02/25,Home Decor
Rev,Aliciella stenothyrsa (A. Gray) J.M. Porter,17/03/25,Sports
Mr,Calamagrostis coarctata Eaton,25/04/25,Fashion
Ms,Rubus parvifolius L.,11/09/24,Sports
Dr,Euclidium W.T. Aiton,20/10/24,Health
Ms,Candelariella dispersa (Rasanen) Hakul.,26/06/25,Home Decor
Mrs,Saccharum brevibarbe (Michx.) Pers. var. brevibarbe,30/12/24,Business
Ms,Oxytenia Nutt.,28/10/24,Home Decor
Ms,Erigeron mancus Rydb.,13/12/24,Entertainment
Rev,Caloplaca verruculifera (Vain.) Zahlbr.,03/03/25,Fashion
Mrs,Physalis acutifolia (Miers) Sandw.,11/03/25,Sports
Honorable,Betula ×winteri Dugle,13/10/24,Technology
Rev,Dioscorea pilosiuscula Bertero ex Spreng.,24/11/24,Technology
Honorable,Carex gracilior Mack.,31/03/25,Entertainment
Mr,Viola canadensis L. var. canadensis,11/12/24,Health
Dr,Carex globosa Boott,28/11/24,Fashion
Dr,Saxifraga nivalis L.,12/02/25,Business
Mrs,Asplenium palmeri Maxon,15/05/25,Food
Ms,Cypripedium parviflorum Salisb. var. pubescens (Willd.) Knight,04/05/25,Food
Honorable,Euclidium syriacum (L.) W.T. Aiton,28/03/25,Food
Rev,Viburnum edule (Michx.) Raf.,25/07/25,Fashion
Dr,Galium hypotrichium A. Gray,29/10/24,Entertainment
Mrs,Cladonia ramulosa (With.) J.R. Laundon,09/09/24,Business
Ms,Dryas integrifolia Vahl,03/01/25,Sports
Rev,Cladonia macroceras (Delise) Hav.,15/11/24,Fashion
Honorable,Polemonium caeruleum L.,10/11/24,Food
Dr,Tridens flavus (L.) Hitchc. var. chapmanii (Small) Shinners,13/03/25,Food
Rev,Lepidium oblongum Small var. oblongum,06/12/24,Business
Honorable,Spergula arvensis L.,04/03/25,Travel
Ms,Sarmenthypnum sarmentosum (Wahlenb.) Tuom. & T. Kop.,28/01/25,Fashion
Mrs,Lathyrus bijugatus T.G. White,28/12/24,Entertainment
Honorable,Eriogonum jamesii Benth. var. rupicola Reveal,04/01/25,Fashion
Ms,Lycianthes virgata (Lam.) Bitter,10/01/25,Business
Dr,Philonotis marchica (Hedw.) Brid.,07/03/25,Technology
Mr,Narcissus tazetta L.,22/04/25,Health
Ms,Eriogonum ovalifolium Nutt. var. williamsiae Reveal,16/12/24,Travel
Honorable,Aspicilia sublapponica (Zahlbr.) Oksner,14/01/25,Health
Ms,Agastache pallida (Lindl.) Cory,02/11/24,Food
Ms,Eucalyptus ×mortoniana Kinney (pro sp.),01/05/25,Business
Mrs,Asplenium trichomanes L. ssp. quadrivalens D.E. Mey.,22/08/25,Technology
Mr,Agoseris heterophylla (Nutt.) Greene var. crenulata Jeps.,15/09/24,Fashion
Rev,Oldenlandia L.,03/07/25,Entertainment
Dr,Cyperus seslerioides Kunth,04/03/25,Food
Mrs,Dubautia plantaginea Gaudich. ssp. plantaginea,10/06/25,Fashion
Mr,Mahonia bealei (Fortune) Carrière,26/08/25,Fashion
Dr,Rhizocarpon superficiale (Schaerer) Vain. ssp. boreale Runem.,02/04/25,Home Decor
Rev,Salix lasiolepis Benth.,28/10/24,Entertainment
Rev,Malacomeles denticulata (Kunth) Engelm.,29/10/24,Travel
Rev,Lesquerella goodrichii Rollins,16/03/25,Travel
Rev,Syringa josikaea Jacq. f. ex Rchb.,01/12/24,Home Decor
Ms,Rubus recurvans Blanch.,02/02/25,Fashion
Rev,Lilium parryi S. Watson,15/11/24,Sports
Mrs,Solidago bicolor L.,08/12/24,Sports
Ms,Collinsia rattanii A. Gray ssp. glandulosa (Howell) Pennell,02/11/24,Technology
Honorable,Simarouba tulae Urb.,20/09/24,Home Decor
Dr,Lampranthus coccineus (Haw.) N.E. Br.,08/01/25,Fashion
Ms,Arnica montana L.,12/07/25,Home Decor
Dr,Pectis linearifolia Urb.,02/05/25,Entertainment
Mrs,Woodsia ilvensis (L.) R. Br.,09/01/25,Business
Ms,Fraxinus mandshurica Rupr.,02/01/25,Sports
Mrs,Empetrum nigrum L. ssp. hermaphroditum (Lange ex Hagerup) Böcher,04/04/25,Food
Rev,Arnica discoidea Benth.,23/07/25,Sports
Honorable,Caloplaca dispersa de Lesd.,06/11/24,Food
Ms,Allium burdickii (Hanes) A.G. Jones,18/06/25,Travel
Mr,Potentilla millefolia Rydb. var. klamathensis (Rydb.) Jeps.,17/09/24,Health
Dr,Claytonia virginica L. var. virginica f. lutea R.J. Davis,02/05/25,Entertainment
Mrs,Arnica lonchophylla Greene ssp. lonchophylla,10/08/25,Health
Dr,Polyblastia gelatinosa (Ach.) Th. Fr.,09/10/24,Fashion
Ms,Galium catalinense A. Gray,28/02/25,Fashion
Mrs,Camissonia walkeri (A. Nelson) P.H. Raven ssp. tortilis (Jeps.) P.H. Raven,14/05/25,Fashion
Rev,Clarkia speciosa F.H. Lewis & M.E. Lewis ssp. polyantha F.H. Lewis & M.E. Lewis,07/12/24,Travel
Ms,Dryopteris ×uliginosa (A. Braun ex Dowell) Druce,23/01/25,Fashion
Dr,Bidens menziesii (A. Gray) Sherff ssp. filiformis (Sherff) Ganders & Nagata,02/02/25,Food
Honorable,Trapeliopsis granulosa (Hoffm.) Lumbsch,21/04/25,Health
Ms,Byrsonima Rich. ex Kunth,20/04/25,Food
Mr,Cerastium bialynickii Tolm.,03/04/25,Technology
Honorable,Leptohymenium sharpii (H.A. Crum & L.E. Anderson) W.R. Buck & H.A. Crum,04/06/25,Food
Dr,Thelesperma simplicifolium A. Gray,22/07/25,Entertainment
Dr,Elymus alaskanus (Scribn. & Merr.) Á. Löve ssp. alaskanus,02/09/25,Entertainment
Honorable,Pentodon Hochst.,09/10/24,Sports
Rev,Clermontia waimeae Rock,10/11/24,Travel
Mrs,Critonia portoricensis (Urb.) Britton & P. Wilson,29/05/25,Food
Rev,Lecanora sipeana H. Magn.,23/06/25,Food
Mrs,Pilocarpus racemosus Vahl,29/06/25,Food
Ms,Rubus parvifolius L.,29/07/25,Travel
Rev,Navarretia nigelliformis Greene,08/05/25,Food
Rev,Inula salicina L.,14/05/25,Food
Mr,Thaspium Nutt.,30/11/24,Business
Ms,Elaphoglossum alatum Gaudich. var. alatum,04/08/25,Health
Mr,Phlox nivalis Lodd. ex Sweet ssp. hentzii (Nutt.) Wherry,30/11/24,Home Decor
Ms,Phlox nivalis Lodd. ex Sweet ssp. hentzii (Nutt.) Wherry,17/05/25,Food
Dr,Eucalyptus botryoides Sm.,09/11/24,Business
Dr,Valeriana sitchensis Bong.,24/06/25,Food
Mr,Arthonia galactitella Nyl.,21/09/24,Food
Ms,Physaria acutifolia Rydb. var. purpurea S.L. Welsh & Reveal,19/11/24,Entertainment
Mrs,Potamogeton ×haynesii Hellquist & Crow,27/10/24,Technology
Mr,Echinocereus engelmannii (Parry ex Engelm.) Lem. var. munzii (Parish) Pierce & Fosberg,04/04/25,Home Decor
Ms,Dryopteris ×brathaica Fraser-Jenkins & Reichstein,28/09/24,Entertainment
Honorable,Lagophylla ramosissima Nutt.,26/06/25,Travel
Honorable,Sideroxylon reclinatum Michx.,04/08/25,Travel
Honorable,Rinodina bischoffii (Hepp) A. Massal.,05/07/25,Fashion
Mrs,Ziziphus zizyphus (L.) Karst.,29/07/25,Fashion
Dr,Amberboa (Pers.) Less.,20/01/25,Travel
Rev,Myriophyllum hippuroides Nutt. ex Torr. & A. Gray,01/12/24,Entertainment
Dr,Ranunculus adoneus A. Gray,20/09/24,Technology
Honorable,Sedum lineare Thunb.,20/07/25,Home Decor
Dr,Angelica pinnata S. Watson,11/08/25,Entertainment
Honorable,Limnanthes floccosa Howell ssp. floccosa,18/06/25,Sports
Rev,Dryopteris ×mickelii J.H. Peck,18/11/24,Technology
Ms,Geranium lentum Wooton & Standl.,17/11/24,Home Decor
Ms,Arthonia willeyi Tuck.,29/03/25,Travel
Honorable,Rubus uvidus L.H. Bailey,08/01/25,Fashion
Dr,Elatine minima (Nutt.) Fisch. & C.A. Mey.,13/04/25,Business
Ms,Cirriphyllum Grout,25/03/25,Entertainment
Ms,Fraxinus papillosa Lingelsh.,23/10/24,Technology
Mrs,Brassica rapa L. var. dichotoma (Roxb. ex Fleming) Kitam.,31/08/25,Home Decor
Dr,Malvella Jaubert & Spach,06/12/24,Health
Rev,Saussurea densa (Hook.) Rydb.,20/01/25,Sports
Honorable,Corymbia papuana (F. Muell.) K.D. Hill & L.A.S. Johnson,22/05/25,Health
Mr,Epilobium canum (Greene) P.H. Raven ssp. garrettii (A. Nelson) P.H. Raven,25/11/24,Home Decor
Mrs,Ceratopteris richardii Brongn.,13/10/24,Food
Rev,Solidago ulmifolia Muhl. ex Willd. var. palmeri Cronquist,20/02/25,Business
Mrs,Ficus nota (Blanco) Merr.,01/07/25,Technology
Mr,Packera bolanderi (A. Gray) W.A. Weber & Á. Löve var. harfordii (Greenm.) D.K. Trock & T.M. Barkley,13/12/24,Food
Rev,Cyperus hystricinus Fernald,20/01/25,Sports
Honorable,Eriogonum natum Reveal,10/01/25,Entertainment
Mrs,Viola L.,22/10/24,Technology
Rev,Bacidia circumspecta (Nyl. ex Vain.) Malme,30/11/24,Health
Rev,Tetraplodon Bruch & Schimp.,23/06/25,Fashion
Dr,Deinandra increscens (H.M. Hall ex D.D. Keck) B.G. Baldw. ssp. villosa (Tanowitz) B.G. Baldw.,02/07/25,Technology
Dr,Aiphanes caryotifolia (Kunth) H.A. Wendl.,12/11/24,Sports
Rev,Astragalus accidens S. Watson var. hendersonii M.E. Jones,04/08/25,Entertainment
Mr,Pleuraphis Torr.,19/07/25,Entertainment
Honorable,Carex frankii Kunth,25/11/24,Sports
Rev,Pleuridium palustre (Bruch & Schimp.) Bruch & Schimp.,07/03/25,Travel
Rev,Hymenopappus flavescens A. Gray,06/04/25,Technology
Honorable,Myosoton Moench,11/01/25,Food
Honorable,Dalea flavescens (S. Watson) S.L. Welsh,29/12/24,Home Decor
Mr,Anemone lancifolia Pursh,01/02/25,Entertainment
Mr,Streptopus streptopoides (Ledeb.) Frye & Rigg ssp. streptopoides,07/08/25,Entertainment
Ms,Tephrosia angustissima Shuttlw. ex Chapm. var. corallicola (Small) Isely,21/09/24,Travel
Honorable,Evernia prunastri (L.) Ach.,16/12/24,Entertainment
Mr,Sorbus sitchensis M. Roem. var. grayi (Wenzig) C.L. Hitchc.,19/05/25,Home Decor
Dr,Lempholemma cladodes (Tuck.) Zahlbr.,16/04/25,Home Decor
Mr,Clarkia australis E. Small,28/09/24,Travel
Ms,Lotus scoparius (Nutt.) Ottley var. scoparius,13/04/25,Entertainment
Mrs,Erigeron inornatus (A. Gray) A. Gray var. inornatus,13/12/24,Technology
Honorable,Navarretia sinistra (M.E. Jones) L.A. Johnson,11/11/24,Travel
Ms,Euphorbia peplus L.,20/12/24,Health
Mr,Clermontia grandiflora Gaudich. ssp. munroi (H. St. John) Lammers,24/06/25,Sports
Dr,Actaea podocarpa DC.,01/06/25,Technology
Dr,Langloisia setosissima (Torr. & A. Gray ex Torr.) Greene ssp. setosissima,13/07/25,Health
Dr,Silphium wasiotense M. Medley,17/11/24,Home Decor
Mr,Muhlenbergia polycaulis Scribn.,08/04/25,Health
Mrs,Odontites vernus (Bellardi) Dumort. ssp. serotinus (Dumort.) Corb.,05/03/25,Fashion
Honorable,Erigeron inornatus (A. Gray) A. Gray var. calidipetris G.L. Nesom,30/12/24,Food
Ms,Pyrenula ochraceoflava (Nyl.) R.C. Harris,29/05/25,Health
Mr,Thalictrum fendleri Engelm. ex A. Gray var. fendleri,08/04/25,Home Decor
Mr,Maronea carolinae H. Magn.,17/11/24,Entertainment
Honorable,Nolina arenicola Correll,26/01/25,Home Decor
Mr,Echium plantagineum L.,25/12/24,Business
Mr,Dodecatheon clevelandii Greene ssp. sanctarum (Greene) Abrams,08/04/25,Entertainment
Dr,Arnica lonchophylla Greene,29/08/25,Home Decor
Ms,Phyllostegia hispida Hillebr.,22/12/24,Food
Mr,Tuckermannopsis fendleri (Nyl.) Hale,07/11/24,Travel
Mr,Isothecium alopecuroides (Dubois) Isov.,22/04/25,Entertainment
Ms,"Carex impressinervia Bryson, Kral & Manhart",13/06/25,Fashion
Ms,Liatris punctata Hook. var. mexicana Gaiser,18/12/24,Business
Mr,Cyanea cylindrocalyx (Rock) Lammers,20/08/25,Business
Mrs,Halimolobos Tausch,09/09/24,Business
Mr,Flavopunctelia praesignis (Nyl.) Hale,15/09/24,Home Decor
Dr,Ivesia aperta (J.T. Howell) Munz var. aperta,04/05/25,Fashion
Mr,Bartonia paniculata (Michx.) Muhl.,06/03/25,Food
Dr,Lotus crassifolius (Benth.) Greene var. crassifolius,07/07/25,Home Decor
Rev,Clusia minor L.,15/04/25,Home Decor
Mrs,Didymodon perobtusus Broth.,02/08/25,Business
Ms,Brassica oleracea L.,19/02/25,Food
Mrs,Phippsia concinna (Th. Fr.) Lindeberg var. algidiformis (Harry Sm.) Holmb.,19/07/25,Technology
Rev,Minuartia arctica (Stev. ex Ser.) Graebn.,21/12/24,Fashion
Honorable,Hymenophyllum axillare Sw.,01/01/25,Entertainment
Mrs,Maackia Rupr.,16/05/25,Food
Rev,Juncus effusus L. var. decipiens Buchenau,16/06/25,Sports
Dr,Castela Turp.,03/12/24,Fashion
Mr,Juncus vaseyi Engelm.,11/08/25,Home Decor
Mrs,Clethra alnifolia L.,24/03/25,Technology
Dr,Viola ×consobrina House,08/07/25,Technology
Mrs,Vigna juruana (Harms) Verdc.,23/11/24,Fashion
Rev,Sagraea scabrosa (L.) Alain,17/10/24,Home Decor
Rev,Lathyrus bijugatus T.G. White,13/12/24,Sports
Honorable,Fryxellia D.M. Bates,24/01/25,Travel
Mrs,Brickellia veronicifolia (Kunth) A. Gray var. petrophila (B.L. Rob.) B.L. Rob.,25/12/24,Entertainment
Honorable,Nemophila aphylla (L.) Brummitt,25/02/25,Business
Mr,Bryoria chalybeiformis (L.) Brodo & D. Hawksw.,27/11/24,Food
Dr,Erigeron purpuratus Greene,24/10/24,Sports
Dr,Porophyllum leiocarpum (Urb.) Rydb.,28/02/25,Travel
Mr,Cakile maritima Scop.,09/01/25,Sports
Mrs,Lichinodium canadense Henssen,11/08/25,Home Decor
Mrs,Pohlia longicolla (Hedw.) Lindb.,24/09/24,Home Decor
Mrs,Carex ×neobigelowii Lepage,26/04/25,Technology
Mr,Carex oklahomensis Mack.,10/02/25,Business
Dr,Alphitonia Reissek ex Endl.,08/04/25,Entertainment
Honorable,Arum palestinum Boiss.,22/07/25,Business
Mrs,Lobelia erinus L.,06/02/25,Home Decor
Ms,Diplazium unilobum (Poir.) Hieron.,17/08/25,Entertainment
Dr,Dalea compacta Spreng.,20/10/24,Home Decor
Ms,Solanum umbelliferum Eschsch. var. glabrescens Torr.,21/07/25,Technology
Ms,Palafoxia texana DC.,15/10/24,Home Decor
Dr,Thelypteris exindusiata W.H. Wagner,03/11/24,Food
Dr,Aongstroemia Bruch & Schimp.,11/07/25,Home Decor
Dr,Macaranga mappa (L.) Müll. Arg.,02/12/24,Health
Ms,Carex leptalea Wahlenb.,30/01/25,Entertainment
Mr,Helenium autumnale L. var. autumnale,29/11/24,Entertainment
Mr,Solidago puberula Nutt. var. puberula,01/04/25,Technology
Rev,Platanthera praeclara Sheviak & Bowles,10/01/25,Sports
Honorable,Arenaria congesta Nutt. var. crassula Maguire,14/09/24,Health
Honorable,Trachelospermum jasminoides (Lindl.) Lem.,01/03/25,Fashion
Mrs,Crepis occidentalis Nutt. ssp. costata (A. Gray) Babc. & Stebbins,25/11/24,Technology
Mrs,Carex engelmannii L.H. Bailey,10/12/24,Health
Ms,Chamaesyce cowellii Millsp. ex Britton,28/02/25,Sports
Mrs,Calystegia purpurata (Greene) Brummitt,06/10/24,Technology
Rev,Crataegus prona Ashe,11/06/25,Technology
Mr,Quercus pagoda Raf.,30/10/24,Entertainment
Honorable,Croton coryi Croizat,19/10/24,Home Decor
Ms,Oclemena nemoralis (Aiton) Greene,14/11/24,Fashion
Rev,Sporobolus neglectus Nash,05/11/24,Health
Mrs,Solidago rugosa Mill. ssp. rugosa var. rugosa,27/07/25,Food
Rev,Haplohymenium Dozy & Molk.,16/03/25,Entertainment
Mrs,Carex multicaulis L.H. Bailey,04/09/25,Technology
Ms,Scrophularia peregrina L.,06/04/25,Sports
Mrs,Pimpinella anisum L.,05/10/24,Technology
Mrs,Notholaena greggii (Mett. ex Kuhn) Maxon,20/07/25,Fashion
Dr,Malachra L.,13/03/25,Home Decor
Mr,Sidalcea calycosa M.E. Jones ssp. calycosa,09/01/25,Entertainment
Mr,Bryum brachyneuron Kindb.,10/07/25,Travel
Mr,Ficus superba Miq.,14/12/24,Technology
Dr,Trapa bicornis Osbeck,04/06/25,Food
Rev,Penstemon comarrhenus A. Gray,06/02/25,Home Decor
Rev,"Calliscirpus brachythrix C.N. Gilmour, J.R. Starr & Naczi",15/12/24,Business
Rev,Neckeropsis Reichardt,22/08/25,Entertainment
Mr,Trapa natans L.,08/02/25,Entertainment
Honorable,Spermacoce terminalis (Small) Kartesz & Gandhi,26/02/25,Travel
Honorable,Stylocline citroleum Morefield,18/01/25,Fashion
Rev,Cavernularia hultenii Degel.,22/07/25,Home Decor
Mr,Cladina rangiferina (L.) Nyl.,27/08/25,Entertainment
Mrs,Cyanea floribunda E. Wimm.,29/10/24,Home Decor
Mrs,Eremopyrum triticeum (Gaertn.) Nevski,16/08/25,Health
Dr,Collema texanum Tuck.,01/12/24,Entertainment
Mrs,Oxystylis lutea Torr. & Frém.,18/06/25,Travel
Mrs,Cyperus hypochlorus Hillebr.,04/04/25,Technology
Mr,Hydrocharis L.,12/12/24,Food
Mrs,Cymopterus Raf.,23/04/25,Technology
Dr,Potentilla gracilis Douglas ex Hook.,18/11/24,Fashion
Honorable,Stenogyne kealiae Wawra,30/01/25,Technology
Dr,Potentilla rubricaulis Lehm.,02/01/25,Food
Mr,Dracontomelon dao (Blanco) Merr. & Rolfe,13/03/25,Food
Dr,Sagittaria lancifolia L. ssp. media (Micheli) Bogin,11/08/25,Entertainment
Ms,Catharanthus G. Don,13/01/25,Business
Honorable,Glyceria grandis S. Watson,24/04/25,Fashion
Mrs,Spilanthes oleracea L.,23/03/25,Food
Mr,Cyanea marksii Rock,17/12/24,Sports
Mr,Rubus laciniatus Willd.,20/04/25,Health
Rev,Justicia brandegeeana Wassh. & L.B. Sm.,02/06/25,Travel
Rev,Metrosideros polymorpha Gaudich.,09/11/24,Health
Ms,Monardella pringlei A. Gray,01/01/25,Health
Mr,Malacothrix foliosa A. Gray,15/06/25,Travel
Mrs,Penstemon versicolor Pennell,23/05/25,Business
Honorable,Quercus vaseyana Buckley,21/06/25,Home Decor
Dr,Trifolium mucronatum Willd. ex Spreng. ssp. lacerum (Greene) J.M. Gillett,04/07/25,Sports
Dr,Trepocarpus Nutt. ex DC.,27/02/25,Travel
Mrs,Matelea floridana (Vail) Woodson,18/05/25,Health
Mr,Peperomia humilis A. Dietr.,08/05/25,Health
Honorable,Melicope sandwicensis (Hook. & Arn.) T.G. Hartley & B.C. Stone,17/03/25,Sports
Dr,Geranium robertianum L. ssp. robertianum,23/03/25,Health
Ms,Trifolium stoloniferum Muhl. ex Eaton,19/07/25,Travel
Ms,Poa supina Schrad.,05/08/25,Entertainment
Mrs,Rhizocarpon rittokense (Hellbom) Th. Fr.,24/04/25,Food
Honorable,Polygonum patulum M. Bieb.,20/04/25,Technology
Rev,Caulanthus inflatus S. Watson,16/10/24,Technology
Honorable,Acarospora impressula Th. Fr.,29/11/24,Technology
Dr,Scleria ciliata Michx.,17/03/25,Fashion
Mr,Lantana montevidensis (Spreng.) Briq.,24/07/25,Entertainment
Honorable,Draba norvegica Gunnerus var. clivicola (Fernald) B. Boivin,25/03/25,Fashion
Mrs,Cyclamen L.,04/01/25,Fashion
Dr,Carex leptonervia (Fernald) Fernald,20/12/24,Entertainment
Mr,Entosthodon Schwägr.,13/10/24,Entertainment
Mr,Encalypta brevipes Schljak.,26/08/25,Technology
Mr,Gymnosiphon sphaerocarpus Urb.,26/08/25,Entertainment
Mrs,Fimbristylis puberula (Michx.) Vahl var. interior (Britton) Kral,02/01/25,Technology
Mrs,Cistanthe parryi (A. Gray) Hershkovitz,01/06/25,Food
Dr,Acacia glauca (L.) Moench,12/01/25,Home Decor
Mr,Astragalus austiniae A. Gray ex W.H. Brewer & S. Watson,09/12/24,Sports
Dr,Chamerion latifolium (L.) Holub,20/09/24,Technology
Honorable,Amphiachyris dracunculoides (DC.) Nutt.,03/07/25,Food
Dr,Tibouchina granulosa (Desr.) Cogn.,05/04/25,Technology
Mr,Amaranthus L.,28/06/25,Business
Ms,Stephanomeria exigua Nutt. ssp. deanei (J.F. Macbr.) Gottlieb,14/08/25,Sports
Rev,Lomatium foeniculaceum (Nutt.) J.M. Coult. & Rose ssp. macdougalii (J.M. Coult. & Rose) W.L. Theobald,21/02/25,Travel
Rev,Silene chlorantha (Willd.) Ehrh.,13/06/25,Food
Mr,Paspalum densum Poir.,17/07/25,Health
Honorable,Penstemon flavescens Pennell,23/11/24,Business
Ms,Beta trojana A. Pamukc. ex Aellen,15/11/24,Home Decor
Mrs,Chamelaucium uncinatum Schauer,28/08/25,Business
Ms,Cuscuta suksdorfii Yunck. var. subpedicellata Yunck.,27/05/25,Food
Honorable,Nephrolepis Schott,22/10/24,Technology
Mrs,Castela Turp.,08/07/25,Business
Mrs,Rumex frutescens Thouars,27/04/25,Sports
Ms,Aloe vera (L.) Burm. f.,09/11/24,Technology
Honorable,Gambelia Nutt.,05/07/25,Fashion
Ms,Amblyolepis DC.,09/10/24,Technology
Rev,Mimulus whipplei A.L. Grant,19/12/24,Fashion
Mr,Spergula pentandra L.,08/10/24,Sports
Dr,Ferocactus hamatacanthus (Muehlenpf.) Britton & Rose var. hamatacanthus,09/04/25,Home Decor
Ms,Ficus trigonata L.,17/06/25,Sports
Mr,Malus toringoides (Rehder) Hughes,05/10/24,Food
Rev,Cuscuta coryli Engelm.,26/07/25,Home Decor
Honorable,Phacelia crenulata Torr. ex S. Watson,18/11/24,Sports
Dr,Smelowskia calycina (Stephan ex Willd.) C.A. Mey.,26/01/25,Business
Mrs,Priva Adans.,25/12/24,Home Decor
Mrs,Trisetum flavescens (L.) P. Beauv.,14/07/25,Health
Mrs,Stereocaulon glareosum (Savicz) H. Magn.,24/12/24,Entertainment
Honorable,Cardamine L.,02/02/25,Technology
Mr,Trichostomopsis Cardot,14/06/25,Food
Ms,Cuscuta veatchii Brandegee,19/01/25,Sports
Honorable,Dahlia Cav.,18/12/24,Health
Dr,Antennaria friesiana (Trautv.) Ekman ssp. neoalaskana (A.E. Porsild) Bayer & Stebbins,23/06/25,Health
Honorable,Epipremnum pinnatum (L.) Engl.,20/06/25,Fashion
Rev,Primula parryi A. Gray,29/12/24,Home Decor
Honorable,Ticanto Adans.,15/06/25,Entertainment
Mr,Lotus unifoliolatus (Hook.) Benth. var. helleri (Britton) Kartesz & Gandhi,20/12/24,Entertainment
Mrs,Daphnopsis americana (Mill.) J.R. Johnst. ssp. caribaea (Griseb.) Nevl.,05/09/25,Technology
Dr,Rinodina vegasii de Lesd.,22/01/25,Technology
Honorable,"Lecidella subauriculata (de Lesd.) ?, ined.?",02/04/25,Food
Ms,Astragalus kentrophyta A. Gray,08/08/25,Food
Rev,Galium andrewsii A. Gray ssp. intermedium Dempster & Stebbins,01/05/25,Business
Honorable,Lupinus palmeri S. Watson,25/09/24,Technology
Honorable,Selinocarpus nevadensis (Standl.) Fowler & Turner,23/04/25,Home Decor
Rev,Helianthemum bicknellii Fernald,24/10/24,Sports
Mr,Cordylanthus tecopensis Munz & Roos,21/07/25,Sports
Rev,Zizia trifoliata (Michx.) Fernald,05/11/24,Fashion
Mr,Mimetanthe Greene,25/04/25,Business
Dr,Entodon Müll. Hal.,29/11/24,Entertainment
Honorable,Ficus racemosa L.,12/04/25,Business
Ms,Lesquerella navajoensis O'Kane,15/05/25,Food
Mr,Oxytropis borealis DC.,22/04/25,Health
Ms,Argemone corymbosa Greene,17/08/25,Home Decor
Mrs,Viburnum wrightii Miq.,08/12/24,Health
Rev,Juglans cinerea L.,03/10/24,Home Decor
Honorable,Musa ×paradisiaca L. (pro sp.),06/04/25,Sports
Rev,Alvaradoa amorphoides Liebm.,15/06/25,Health
Mrs,Pinus L.,23/10/24,Health
Honorable,Abies grandis (Douglas ex D. Don) Lindl.,21/02/25,Sports
Rev,Philodendron consanguineum Schott,13/10/24,Health
Mrs,Pyrenopsis polycocca (Nyl.) Tuck.,18/04/25,Fashion
Ms,Nemacladus rubescens Greene var. tenuis McVaugh,23/06/25,Health
Dr,Crocosmia Planch.,17/10/24,Health
Ms,Collomia Nutt.,03/04/25,Sports
Honorable,Sphaeralcea munroana (Douglas) Spach ssp. munroana,07/09/24,Home Decor
Ms,Polystichum ×potteri Barrington,14/12/24,Entertainment
Mrs,Carex obispoensis Stacey,29/04/25,Health
Dr,Anemone berlandieri Pritz.,08/07/25,Home Decor
Ms,Hackelia diffusa (Lehm.) I.M. Johnst. var. cottonii (Piper) R.L. Carr,03/07/25,Fashion
Rev,Arabis sparsiflora Nutt. var. columbiana (Macoun) Rollins,06/05/25,Business
Honorable,Gilia achilleifolia Benth.,20/12/24,Home Decor
Rev,Peganum mexicanum A. Gray,02/07/25,Entertainment
Dr,Papaver lateritium K. Koch,25/12/24,Health
Mr,Polemonium cuspidatum Siebold & Zucc.,02/02/25,Technology
Dr,Cardamine pachystigma (S. Watson) Rollins,09/03/25,Business
Ms,Neolloydia conoidea (DC.) Britton & Rose,07/01/25,Home Decor
Mr,Dodecatheon frenchii (Vasey) Rydb.,28/07/25,Fashion
Mrs,Vigna hosei (Craib) Backer,03/01/25,Entertainment
Dr,Rhododendron minus Michx.,26/02/25,Food
Rev,Tithonia Desf. ex Juss.,25/08/25,Health
Dr,Cyperus sandwicensis Kük.,27/03/25,Entertainment
Ms,Vernonia fasciculata Michx.,11/12/24,Home Decor
Ms,Hedwigia P. Beauv.,29/10/24,Health
Honorable,Fimbristylis tomentosa Vahl,27/01/25,Food
Honorable,Astragalus atratus S. Watson var. atratus,30/06/25,Sports
Mr,Penstemon moffatii Eastw.,24/04/25,Sports
Rev,Pseudostellaria jamesiana (Torr.) W.A. Weber & R.L. Hartm.,04/08/25,Food
Mrs,Toona ciliata Roem.,19/05/25,Food
Mrs,Tetramolopium conyzoides (A. Gray) Hillebr.,19/06/25,Entertainment
Rev,Sansevieria Thunb.,03/02/25,Food
Mr,Timmiella crassinervis (Hampe) L.F. Koch,11/02/25,Health
Honorable,Lesquerella purpurea (A. Gray) S. Watson,24/08/25,Health
Rev,Pycnanthemum virginianum (L.) T. Dur. & B.D. Jacks. ex B.L. Rob. & Fernald,25/07/25,Sports
Ms,Frankenia pulverulenta L.,13/02/25,Entertainment
Ms,Houstonia croftiae Britton & Rusby,14/09/24,Technology
Honorable,Keckiella ternata (Torr. ex A. Gray) Straw ssp. ternata,03/09/25,Business
Ms,Mnium arizonicum Amann,08/06/25,Food
Dr,Pyrenula micheneri R.C. Harris,14/10/24,Business
Rev,Manilkara bidentata (A. DC.) A. Chev,26/04/25,Entertainment
Mrs,Abutilon Mill.,30/09/24,Food
Rev,Pilea depressa (Sw.) Blume,23/10/24,Home Decor
Dr,Poa arctica R. Br. ssp. arctica,01/02/25,Technology
Mr,Dodecatheon conjugens Greene,09/08/25,Sports
Ms,Crinum americanum L.,30/10/24,Business
Ms,Quercus ×venulosa Ashe,12/07/25,Home Decor
Mrs,Metrosideros waialealae (Rock) Rock var. fauriei (Levl.) J.W. Dawson & Stemmermann,02/06/25,Health
Ms,Potentilla bimundorum Soják,04/11/24,Business
Dr,Chrysopogon aciculatus (Retz.) Trin.,18/06/25,Technology
Mrs,Packera pseudaurea (Rydb.) W.A. Weber & Á. Löve var. pseudaurea,05/03/25,Health
Mrs,Cinclidium Sw.,27/10/24,Technology
Honorable,Fabiana Ruiz & Pav.,12/09/24,Technology
Honorable,Perityle staurophylla (Barneby) Shinners,15/10/24,Sports
Mr,Azolla Lam.,08/01/25,Health
Rev,Bryum canariense Brid.,28/05/25,Travel
Mrs,Sarcographa medusulina (Nyl.) Müll. Arg.,29/12/24,Travel
Rev,Arabis murrayi G. Mulligan,17/12/24,Sports
Honorable,Baptisia perfoliata (L.) R. Br.,25/05/25,Food
Ms,Heuchera micrantha Douglas ex Lindl. var. micrantha,21/08/25,Business
Honorable,Panicum flexile (Gattinger) Scribn.,13/12/24,Home Decor
Rev,Schizachyrium spadiceum (Swallen) Wipff,27/05/25,Fashion
Dr,Dichanthelium xanthophysum (A. Gray) Freckmann,04/11/24,Sports
Ms,Stenotus acaulis (Nutt.) Nutt.,04/11/24,Travel
Dr,Pylaisiadelpha Cardot,06/05/25,Home Decor
Rev,Atriplex elegans (Moq.) D. Dietr.,28/03/25,Home Decor
Mrs,Ipomoea thurberi A. Gray,16/11/24,Home Decor
Ms,Lastarriaea Remy,02/06/25,Food
Dr,Trifolium eriocephalum Nutt. ssp. cascadense J.M. Gillett,13/10/24,Fashion
Ms,Solidago hispida Muhl. ex Willd. var. hispida,22/11/24,Entertainment
Rev,Horkelia cuneata Lindl.,17/09/24,Sports
Mr,Terminalia myriocarpa van Heurck & Müll. Arg.,03/06/25,Travel
Mrs,Pseuderanthemum carruthersii (Seem.) Guillaumin,07/04/25,Fashion
Rev,Downingia ornatissima Greene var. eximia (Hoover) McVaugh,08/12/24,Travel
Dr,Caesalpinia echinata Lam.,06/09/25,Sports
Ms,Barleriola solanifolia (L.) Oerst. ex Lindau,19/10/24,Fashion
Mr,Peperomia serpens (Sw.) Loudon,04/01/25,Technology
Mr,Oxytropis lagopus Nutt.,16/04/25,Food
Ms,Elaphoglossum glabellum J. Sm.,12/03/25,Technology
Honorable,Astragalus lentiginosus Douglas ex Hook. var. antonius Barneby,04/06/25,Health
Dr,Calepina Adans.,23/06/25,Food
Honorable,Lecidea dolodes Nyl.,12/03/25,Fashion
Rev,Potentilla erecta (L.) Raeusch.,29/04/25,Business
Mr,Maerua Forssk.,26/01/25,Technology
Mr,Spermacoce tetraquetra A. Rich.,05/10/24,Sports
Ms,Voyria Aubl.,21/04/25,Food
Mrs,Plantago princeps Cham. & Schltdl. var. longibracteata H. Mann,24/06/25,Travel
Mrs,Hypopterygium Brid.,25/06/25,Sports
Dr,Melampodium sericeum Lag.,25/06/25,Fashion
Dr,Aristida divaricata Humb. & Bonpl. ex Willd.,26/02/25,Health
Dr,Bartsia L.,26/06/25,Entertainment
Mr,Cheilanthes leucopoda Link,26/03/25,Business
Rev,Citharexylum caudatum L.,21/01/25,Travel
Ms,Xanthopsorella texana (W.A. Weber) Kalb & Hafellner,08/05/25,Fashion
Rev,Benincasa Savi,18/12/24,Technology
Rev,Ceanothus parryi Trel.,03/01/25,Food
Ms,Cochlearia tridactylites Banks ex DC.,22/07/25,Travel
Rev,Chamaesyce urbanii Millsp.,10/01/25,Home Decor
Dr,Carex atratiformis Britton,13/10/24,Travel
Rev,Erythrina subumbrans (Hassk.) Merr.,15/12/24,Entertainment
Dr,Trifolium gracilentum Torr. & A. Gray var. palmeri (S. Watson) McDermott,23/08/25,Travel
Honorable,Saxifraga aprica Greene,15/10/24,Fashion
Mrs,Mollugo nudicaulis Lam.,27/05/25,Business
Ms,Prunus subcordata Benth.,24/06/25,Entertainment
Mr,Rudbeckia heliopsidis Torr. & A. Gray,23/03/25,Home Decor
Rev,Bouteloua chondrosioides (Kunth) Benth. ex S. Watson,16/06/25,Travel
Rev,Minuartia californica (A. Gray) Mattf.,10/03/25,Food
Ms,Phacelia demissa A. Gray var. demissa,31/10/24,Entertainment
Honorable,Tetradymia filifolia Greene,04/07/25,Travel
Ms,Clermontia oblongifolia Gaudich. ssp. oblongifolia,04/10/24,Sports
Honorable,Metroxylon Rottb.,14/02/25,Business
Ms,Machaeranthera tanacetifolia (Kunth) Nees,23/04/25,Health
Mr,Clematis integrifolia L.,17/01/25,Entertainment
Mr,Ocellularia stictidea (Nyl.) Vezda,03/08/25,Business
Dr,Hedychium gardnerianum Shepard ex Ker Gawl.,02/12/24,Sports
Dr,Rayjacksonia annua (Rydb.) R.L. Hartm. & M.A. Lane,11/04/25,Health
Honorable,Ceroxylon alpinum Bonpl. ex DC.,30/10/24,Fashion
Ms,Phoradendron quadrangulare (Kunth) Griseb.,28/02/25,Technology
Mrs,Tetraphis geniculata Girg. ex Milde,29/01/25,Business
Ms,Solidago californica Nutt.,17/11/24,Sports
Rev,Quercus hemisphaerica W. Bartram ex Willd.,02/09/25,Health
Rev,Matelea brevicoronata (B.L. Rob.) Woodson,01/08/25,Technology
Honorable,Oxalis frutescens L. ssp. angustifolia (Kunth) Lourteig,18/05/25,Fashion
Rev,Dicranopteris emarginata (T. Moore) W.J. Rob.,30/01/25,Home Decor
Honorable,Liatris aspera Michx. var. intermedia (Lunell) Gaiser,14/11/24,Travel
Mr,Landolphia P. Beauv.,21/04/25,Technology
Rev,Baptisia lanceolata (Walter) Elliott var. lanceolata,27/11/24,Travel
Rev,Dicranodontium asperulum (Mitt.) Broth.,13/10/24,Technology
Mr,Phylliscum tenue Henssen,16/12/24,Entertainment
Dr,Vicia tetrasperma (L.) Schreb.,16/07/25,Sports
Rev,Cephaelis Sw.,19/09/24,Home Decor
Mrs,Polygala sanguinea L.,10/07/25,Business
Dr,Castilleja ambigua Hook. & Arn. var. meadii J.M.Egger & Ruygt,29/08/25,Food
Mr,Cyperus hypochlorus Hillebr. var. hypochlorus,17/04/25,Business
Ms,Lecanora carpinea (L.) Vain.,14/01/25,Entertainment
Mrs,Poranopsis Roberty,15/01/25,Technology
Dr,Blechnum appendiculatum Willd.,23/07/25,Entertainment
Mrs,"Iva annua L. var. macrocarpa (S.F. Blake) R.C. Jacks., nom. inq.",08/12/24,Travel
Ms,Iris lacustris Nutt.,19/11/24,Food
Rev,Calyptranthes triflora Alain,02/11/24,Sports
Mr,Lecanora salina H. Magn.,20/01/25,Technology
Honorable,Sarracenia ×naczii Mellich.,14/04/25,Travel
Mrs,Eriogonum deflexum Torr. var. deflexum,08/03/25,Sports
Dr,Malpighia linearis Jacq.,30/03/25,Fashion
Mrs,Prenanthes nana (Bigelow) Torr.,23/01/25,Fashion
Mrs,Lecanora cateilea (Ach.) A. Massal.,04/11/24,Entertainment
Ms,"Petasites hybridus (L.) G. Gaertn., B. Mey. & Scherb.",08/05/25,Fashion
Mr,Tripleurospermum maritimum (L.) W.D.J. Koch,08/01/25,Food
Honorable,Gilia cana (M.E. Jones) A. Heller ssp. speciosa (Jeps.) A.D. Grant & V.E. Grant,25/02/25,Home Decor
Dr,Dalea scariosa S. Watson,22/09/24,Entertainment
Honorable,Cotoneaster bullatus Boiss. var. macrophyllus Boiss.,28/03/25,Fashion
Rev,Calystegia spithamaea (L.) Pursh ssp. spithamaea,30/06/25,Technology
Mr,Emilia sonchifolia (L.) DC.,28/03/25,Food
Ms,Heuchera novomexicana Wheelock,15/05/25,Business
Mr,Cucumis melo L.,15/10/24,Health
Dr,Carex scirpoidea Michx. ssp. pseudoscirpoidea (Rydb.) Dunlop,30/09/24,Food
Mrs,Taxus L.,11/10/24,Sports
Mr,Lithachne P. Beauv.,11/11/24,Entertainment
Ms,Leptodontium excelsum (Sull.) E. Britton,25/05/25,Sports
Mrs,Pandanus aimiriikensis Martelli,21/05/25,Food
Rev,Ononis arvensis L.,31/05/25,Technology
Ms,Madia elegans D. Don ex Lindl. ssp. elegans,10/03/25,Travel
Honorable,Salicornia rubra A. Nelson,02/04/25,Fashion
Dr,Prunus pleuradenia Griseb.,19/06/25,Business
Dr,Doodia R. Br.,14/05/25,Entertainment
Dr,Cirsium arizonicum (A. Gray) Petr.,15/02/25,Fashion
Mr,Bryum stirtonii Schimp.,10/01/25,Food
Rev,Eucalyptus cloeziana F. Muell.,10/05/25,Fashion
Dr,Lycium andersonii A. Gray var. wrightii A. Gray,09/12/24,Travel
Dr,Ditta myricoides Griseb.,15/12/24,Food
Dr,Malacothrix sonorae W.S. Davis & P.H. Raven,09/08/25,Health
Honorable,Leptogium phyllocarpum (Pers.) Mont.,07/08/25,Entertainment
Dr,Bastardia bivalvis (Cav.) Kunth,18/03/25,Sports
Dr,Delphinium ramosum Rydb.,02/10/24,Technology
Dr,Crataegus succulenta Schrad. ex Link,27/07/25,Travel
Rev,Escobaria orcuttii Boed.,27/08/25,Travel
Dr,Juglans neotropica Diels,16/10/24,Technology
Dr,Quercus hemisphaerica W. Bartram ex Willd. var. maritima (Michx.) C.H. Mull.,26/10/24,Sports
Mrs,Antidesma bunius (L.) Spreng.,10/03/25,Sports
Mr,Parmotrema xanthinum (Müll. Arg.) Hale,23/04/25,Home Decor
Honorable,Draba pseudopilosa Pohle,01/07/25,Food
Mrs,Rubus loganobaccus L.H. Bailey,01/03/25,Travel
Honorable,Alysicarpus Neck. ex Desv.,18/08/25,Technology
Rev,Picris L.,30/05/25,Home Decor
Honorable,Dictyonema sericeum (Sw.) Berk.,05/07/25,Technology
Ms,Aristida schiedeana Trin. & Rupr. var. orcuttiana (Vasey) Allred & Valdés-Reyna,10/09/24,Entertainment
Rev,Gentianella amarella (L.) Börner ssp. heterosepala (Engelm.) J.M. Gillett,02/12/24,Health
Rev,Gamochaeta purpurea (L.) Cabrera,27/02/25,Technology
Mr,Orcuttia tenuis Hitchc.,08/01/25,Food
Ms,Rhododendron lapponicum (L.) Wahlenb.,20/05/25,Sports
Mrs,Castilleja ×porterae Cockerell,11/09/24,Sports
Ms,Lecanora phryganitis Tuck.,12/06/25,Sports
Mrs,Leprocaulon Nyl. ex Lamy,11/02/25,Home Decor
Ms,Plagiobothrys Fisch. & C.A. Mey.,23/01/25,Technology
Mr,Collomia macrocalyx Leiberg ex Brand,11/10/24,Fashion
Mrs,Achillea sibirica Ledeb.,23/05/25,Business
Dr,Bacidia pallens (Kullhem) Zahlbr.,03/10/24,Health
Dr,Nyssa ogeche W. Bartram ex Marshall,26/01/25,Food
Ms,Isoetes hyemalis D.F. Brunton,16/10/24,Technology
Ms,Adiantum raddianum C. Presl,17/06/25,Fashion
Honorable,Baileya multiradiata Harv. & A. Gray ex A. Gray,08/06/25,Food
Mrs,Aristolochia tomentosa Sims,22/12/24,Sports
Mr,Andreaea megistospora B.M. Murray,26/03/25,Health
Mr,Monardella lanceolata A. Gray,27/10/24,Business
Mr,Polygala rectipilis S.F. Blake,02/04/25,Food
Ms,Acidanthera Hochst.,26/03/25,Technology
Rev,Poa cuspidata Nutt.,29/10/24,Travel
Mr,Miconia theaezans (Bonpl.) Cogn.,22/03/25,Food
Mrs,Penstemon pruinosus Douglas ex Lindl.,09/08/25,Food
Dr,"Claytonia virginica L. var. hammondiae (Kalmbacher) Doyle, W.H. Lewis & Snyder",14/06/25,Home Decor
Dr,Iris cristata Aiton,19/02/25,Fashion
Mr,Saxifraga bryophora A. Gray var. tobiasiae J. Grimes & Packard,19/09/24,Food
Mrs,Chamaesyce porteriana Small var. porteriana,27/10/24,Technology
Mrs,Crataegus carrollensis Sarg.,15/07/25,Fashion
Ms,Amblyopyrum muticum (Boiss.) Eig,28/03/25,Sports
Rev,Isocoma azteca G.L. Nesom,15/04/25,Fashion
Ms,Cosmos sulphureus Cav.,19/01/25,Sports
Mrs,Dudleya cymosa (Lem.) Britton & Rose ssp. costafolia Bartel & Shevock,25/03/25,Business
Mr,Tamarindus L.,12/07/25,Health
Honorable,Salix aurita L.,24/11/24,Technology
Dr,Lupinus elatus I.M. Johnst.,22/05/25,Technology
Honorable,Viburnum plicatum Thunb.,18/02/25,Travel
Dr,Aster alpinus L. var. vierhapperi (Onno) Cronquist,28/07/25,Business
Honorable,Dipsacus fullonum L.,31/05/25,Health
Ms,Eruca vesicaria (L.) Cav.,22/06/25,Entertainment
Dr,Rhodobryum ontariense (Kindb.) Par.,23/06/25,Sports
Mrs,Tripterocalyx carneus (Greene) L.A. Galloway,07/03/25,Travel
Rev,Tiarella L.,06/07/25,Food
Mrs,Spiranthes casei Catling & Cruise var. novaescotiae Catling,24/09/24,Travel
Mrs,Erigeron breweri A. Gray var. porphyreticus (M.E. Jones) Cronquist,11/06/25,Fashion
Dr,Fimbristylis aestivalis (Retz.) Vahl,08/04/25,Health
Mrs,Lolium perenne L.,27/05/25,Technology
Mr,Cienfuegosia drummondii (A. Gray) Lewt.,23/12/24,Business
Mrs,Malacothrix saxatilis (Nutt.) Torr. & A. Gray var. arachnoidea (McGregor) E.W. Williams,06/05/25,Health
Dr,Asplenium aethiopicum (N.L. Burm.) Bech.,15/10/24,Home Decor
Mr,Cyathea armata (Sw.) Domin,13/07/25,Sports
Rev,Phlox bifida Beck ssp. bifida,09/11/24,Travel
Dr,Amygdalaria haidensis Brodo & Hertel,08/10/24,Business
Dr,Lupinus argenteus Pursh ssp. argenteus var. argenteus,13/11/24,Food
Dr,Lewisia sacajaweana B.L. Wilson & E. Rey-Vizg.,29/06/25,Travel
Rev,Aristea Aiton,12/05/25,Entertainment
Mrs,Camissonia specuicola (P.H. Raven) P.H. Raven,18/04/25,Sports
Dr,Fontinalis hypnoides Hartm. var. hypnoides,09/03/25,Sports
Mrs,Lesquerella multiceps Maguire,28/07/25,Travel
Honorable,Eubrachion ambiguum (Hook. & Arn.) Engl. var. jamaicense Krug & Urb.,06/04/25,Health
Dr,Piperia colemanii R. Morgan & Glicenstein,28/03/25,Technology
Mrs,Ligusticum grayi J.M. Coult. & Rose,26/11/24,Business
Mrs,Lecidea virginiensis Calk. & Nyl.,31/07/25,Entertainment
Mrs,Dichanthelium oligosanthes (Schult.) Gould,18/08/25,Fashion
Dr,Spiranthes lacera (Raf.) Raf. var. gracilis (Bigelow) Luer,25/07/25,Home Decor
Mrs,Crotalaria ochroleuca G. Don,24/04/25,Business
Mrs,Euphorbia corollata L.,02/01/25,Business
Mrs,Lathyrus clymenum L.,07/02/25,Home Decor
Ms,Trematodon Michx.,21/11/24,Fashion
Mrs,Oxalis regnellii Miq.,08/05/25,Health
Mr,Nasturtium officinale W.T. Aiton,09/05/25,Sports
Dr,Rinodina lecideoides (Nyl.) Kernst.,23/12/24,Technology
Ms,Herzogiella seligeri (Brid.) Z. Iwats.,11/12/24,Technology
Mr,Eucalyptus dealbata A. Cunn. ex Schauer,12/11/24,Fashion
Rev,Phygelius E. Mey. ex Benth.,24/07/25,Technology
Honorable,Hibiscus arnottianus A. Gray ssp. punaluuensis (Skottsb.) D.M. Bates,15/07/25,Technology
Rev,Polystichum imbricans (D.C. Eaton) D.H. Wagner ssp. curtum (Ewan) D.H. Wagner,11/11/24,Travel
Rev,Pentaclethra Benth.,14/06/25,Home Decor
Ms,Croton nummulariifolius A. Rich.,10/02/25,Business
Rev,Thelypteris decussata (L.) Proctor,30/08/25,Sports
Honorable,Buddleja L.,14/10/24,Entertainment
Mrs,Sphaeralcea caespitosa M.E. Jones,23/06/25,Sports
Mrs,Scirpoides holoschoenus (L.) Soják,17/07/25,Business
Mr,Hymenelia Krempelh.,13/12/24,Food
Mrs,Psilostrophe cooperi (A. Gray) Greene,13/02/25,Sports
Mr,Ophioglossum pendulum L. ssp. falcatum (C. Presl) R.T. Clausen,01/06/25,Travel
Dr,Pectis elongata Kunth var. floribunda (A. Rich.) Keil,09/05/25,Entertainment
Dr,Astragalus subvestitus (Jeps.) Barneby,28/12/24,Sports
Honorable,Parkia clappertoniana Keay,24/11/24,Entertainment
Rev,Antennaria solitaria Rydb.,07/07/25,Technology
Honorable,Metrosideros polymorpha Gaudich. var. glaberrima (Levl.) H. St. John,25/07/25,Sports
Rev,Cryptantha sobolifera Payson,22/03/25,Entertainment
Ms,Michelia figo (Lour.) Spreng.,08/01/25,Entertainment
Dr,Ageratum conyzoides L.,29/09/24,Health
Honorable,Poa bulbosa L.,27/10/24,Technology
Mr,Bryoandersonia H. Rob.,23/12/24,Home Decor
Honorable,Eleocharis ochrostachys Steud.,22/01/25,Health
Mrs,Brassica alboglabra L.H. Bailey,26/11/24,Food
Rev,Lycium texanum Correll,22/11/24,Sports
Dr,Kalanchoe pinnata (Lam.) Pers.,17/08/25,Travel
Rev,Marina orcuttii (S. Watson) Barneby,20/09/24,Home Decor
Mrs,Triosteum aurantiacum E.P. Bicknell,15/10/24,Health
Rev,Triodanis coloradoensis (Buckley) McVaugh,05/10/24,Health
Rev,Arenaria capillaris Poir. ssp. americana Maguire,17/05/25,Entertainment
Mr,Paronychia lindheimeri Engelm. ex A. Gray,17/07/25,Home Decor
Ms,Thelypodium eucosmum B.L. Rob.,29/04/25,Entertainment
Dr,Rubus jacens Blanch.,19/09/24,Technology
Mrs,Hymenoxys ambigens (S.F. Blake) Bierner var. floribunda (A. Gray) W.L. Wagner,26/08/25,Technology
Rev,Carex laxiculmis Schwein. var. copulata (L.H. Bailey) Fernald,30/03/25,Health
Ms,Carex houghtoniana Torr. ex Dewey,25/11/24,Sports
Mrs,Pilea sanctae-crucis Liebm.,01/09/25,Health
Ms,Lupinus maculatus Rydb.,27/12/24,Business
Dr,Laennecia coulteri (A. Gray) G.L. Nesom,04/05/25,Entertainment
Rev,Agalinis aphylla (Nutt.) Raf.,30/01/25,Fashion
Rev,Dryopteris ×dowellii (Farw.) Wherry,31/01/25,Technology
Honorable,Hesperolinon tehamense H. Sharsm.,08/11/24,Food
Mrs,Aeschynomene aspera L.,23/05/25,Food
Mr,Clematis orientalis L.,31/08/25,Technology
Mr,Paludella squarrosa (Hedw.) Brid.,09/11/24,Home Decor
Ms,Lycium puberulum A. Gray var. puberulum,25/07/25,Technology
Ms,Penstemon dolius M.E. Jones ex Pennell,10/02/25,Sports
Dr,Collinsonia verticillata Baldw.,06/07/25,Home Decor
Rev,Lomatium watsonii (J.M. Coult. & Rose) J.M. Coult. & Rose,22/02/25,Home Decor
Rev,Cleome platycarpa Torr.,30/10/24,Fashion
Ms,Rumex crispus L. ssp. crispus,23/10/24,Technology
Mrs,Parietaria pensylvanica Muhl. ex Willd.,25/06/25,Home Decor
Honorable,Atriplex lampa Gillies ex Moq.,20/08/25,Travel
Rev,Ramonia valenzueliana (Mont.) Stizenb.,02/07/25,Health
Mr,Schkuhria multiflora Hook. & Arn.,14/05/25,Food
Rev,Taxus L.,13/03/25,Technology
Mr,Cladonia cyanipes (Sommerf.) Nyl.,14/12/24,Fashion